"timestamp","service","pid","cpuSeconds","rssMiB","threads","gcutil"
"2026-09-10T20:56:11.2462620+08:00","leadnews-admin-service-1.0.0-SNAPSHOT","14440","70.89","386.59","97","- 64.32 6.67 88.40 98.89 96.16 27 0.308 0 0.000 8 0.025 0.333"
"2026-09-10T20:56:11.6821461+08:00","leadnews-ai-service-1.0.0-SNAPSHOT","3132","52.78","383.87","117","- 91.35 11.76 74.54 98.82 96.10 20 0.128 0 0.000 6 0.009 0.136"
"2026-09-10T20:56:12.1274749+08:00","leadnews-article-service-1.0.0-SNAPSHOT","35016","107.39","553.29","141","- 83.13 42.11 86.21 99.10 96.63 42 0.259 0 0.000 12 0.071 0.330"
"2026-09-10T20:56:12.5699757+08:00","leadnews-behavior-service-1.0.0-SNAPSHOT","9908","93.28","531.45","141","- 81.55 40.91 88.84 99.14 96.82 30 0.186 0 0.000 10 0.043 0.229"
"2026-09-10T20:56:12.9881285+08:00","leadnews-gateway-1.0.0-SNAPSHOT","39100","375.88","471.42","178","- 68.28 0.00 74.84 99.06 96.51 141 0.584 0 0.000 8 0.033 0.617"
"2026-09-10T20:56:13.3659128+08:00","leadnews-schedule-service-1.0.0-SNAPSHOT","22092","64","401.24","103","- 71.42 56.25 78.97 99.05 96.97 22 0.139 0 0.000 6 0.015 0.154"
"2026-09-10T20:56:13.7749048+08:00","leadnews-search-service-1.0.0-SNAPSHOT","40252","71.11","420.59","122","- 68.76 50.00 77.09 98.95 96.35 26 0.143 0 0.000 8 0.022 0.166"
"2026-09-10T20:56:14.1511784+08:00","leadnews-user-service-1.0.0-SNAPSHOT","35244","67.86","332.34","95","- 65.75 46.67 83.34 98.90 96.18 18 0.154 0 0.000 6 0.013 0.167"
"2026-09-10T20:56:14.5294020+08:00","leadnews-wemedia-service-1.0.0-SNAPSHOT","27660","126.14","480.9","134","- 77.27 46.67 80.49 98.98 96.24 38 0.340 0 0.000 14 0.055 0.395"
"2026-09-10T20:56:19.9013212+08:00","leadnews-admin-service-1.0.0-SNAPSHOT","14440","70.94","386.68","99","- 64.32 6.67 88.40 98.89 96.16 27 0.308 0 0.000 8 0.025 0.333"
"2026-09-10T20:56:20.2571299+08:00","leadnews-ai-service-1.0.0-SNAPSHOT","3132","52.86","383.87","117","- 91.35 11.76 74.54 98.82 96.10 20 0.128 0 0.000 6 0.009 0.136"
"2026-09-10T20:56:20.6178651+08:00","leadnews-article-service-1.0.0-SNAPSHOT","35016","108.17","555.13","141","- 83.13 52.63 86.21 99.10 96.63 42 0.259 0 0.000 12 0.071 0.330"
"2026-09-10T20:56:20.9564250+08:00","leadnews-behavior-service-1.0.0-SNAPSHOT","9908","95.27","519.23","139","- 81.55 45.45 88.84 99.14 96.82 30 0.186 0 0.000 10 0.043 0.229"
"2026-09-10T20:56:21.3250475+08:00","leadnews-gateway-1.0.0-SNAPSHOT","39100","376.11","471.4","176","- 68.28 4.35 74.84 99.06 96.51 141 0.584 0 0.000 8 0.033 0.617"
"2026-09-10T20:56:21.6719846+08:00","leadnews-schedule-service-1.0.0-SNAPSHOT","22092","64.09","401.48","105","- 71.42 56.25 78.97 99.05 96.97 22 0.139 0 0.000 6 0.015 0.154"
"2026-09-10T20:56:22.0343843+08:00","leadnews-search-service-1.0.0-SNAPSHOT","40252","71.22","422.92","122","- 68.76 50.00 77.09 98.95 96.35 26 0.143 0 0.000 8 0.022 0.166"
"2026-09-10T20:56:22.3750731+08:00","leadnews-user-service-1.0.0-SNAPSHOT","35244","67.97","345.3","95","- 65.75 46.67 83.34 98.90 96.18 18 0.154 0 0.000 6 0.013 0.167"
"2026-09-10T20:56:22.7147187+08:00","leadnews-wemedia-service-1.0.0-SNAPSHOT","27660","126.25","480.9","134","- 77.27 46.67 80.49 98.98 96.24 38 0.340 0 0.000 14 0.055 0.395"
"2026-09-10T20:56:28.0975384+08:00","leadnews-admin-service-1.0.0-SNAPSHOT","14440","70.98","386.68","99","- 64.32 6.67 88.40 98.89 96.16 27 0.308 0 0.000 8 0.025 0.333"
"2026-09-10T20:56:28.4653345+08:00","leadnews-ai-service-1.0.0-SNAPSHOT","3132","52.88","383.78","115","- 91.35 11.76 74.54 98.82 96.10 20 0.128 0 0.000 6 0.009 0.136"
"2026-09-10T20:56:28.8361550+08:00","leadnews-article-service-1.0.0-SNAPSHOT","35016","109.61","559.29","137","- 83.13 63.16 86.21 99.10 96.63 42 0.259 0 0.000 12 0.071 0.330"
"2026-09-10T20:56:29.1985889+08:00","leadnews-behavior-service-1.0.0-SNAPSHOT","9908","96.09","520.69","141","- 81.55 50.00 88.84 99.14 96.82 30 0.186 0 0.000 10 0.043 0.229"
"2026-09-10T20:56:29.5713541+08:00","leadnews-gateway-1.0.0-SNAPSHOT","39100","376.38","471.55","178","- 68.28 8.70 74.84 99.06 96.51 141 0.584 0 0.000 8 0.033 0.617"
"2026-09-10T20:56:29.9199039+08:00","leadnews-schedule-service-1.0.0-SNAPSHOT","22092","64.3","401.91","105","- 71.42 56.25 78.97 99.05 96.97 22 0.139 0 0.000 6 0.015 0.154"
"2026-09-10T20:56:30.2876874+08:00","leadnews-search-service-1.0.0-SNAPSHOT","40252","71.28","422.84","120","- 68.76 50.00 77.09 98.95 96.35 26 0.143 0 0.000 8 0.022 0.166"
"2026-09-10T20:56:30.6585924+08:00","leadnews-user-service-1.0.0-SNAPSHOT","35244","68.02","345.39","97","- 65.75 46.67 83.34 98.90 96.18 18 0.154 0 0.000 6 0.013 0.167"
"2026-09-10T20:56:31.0117085+08:00","leadnews-wemedia-service-1.0.0-SNAPSHOT","27660","126.33","480.9","134","- 77.27 46.67 80.49 98.98 96.24 38 0.340 0 0.000 14 0.055 0.395"
"2026-09-10T20:56:36.3834521+08:00","leadnews-admin-service-1.0.0-SNAPSHOT","14440","71","386.59","97","- 64.32 6.67 88.40 98.89 96.16 27 0.308 0 0.000 8 0.025 0.333"
"2026-09-10T20:56:36.7413496+08:00","leadnews-ai-service-1.0.0-SNAPSHOT","3132","52.92","383.85","115","- 91.35 11.76 74.54 98.82 96.10 20 0.128 0 0.000 6 0.009 0.136"
"2026-09-10T20:56:37.1054166+08:00","leadnews-article-service-1.0.0-SNAPSHOT","35016","110.16","503.38","141","- 83.13 73.68 86.21 99.10 96.63 42 0.259 0 0.000 12 0.071 0.330"
"2026-09-10T20:56:37.5065570+08:00","leadnews-behavior-service-1.0.0-SNAPSHOT","9908","96.5","520.85","141","- 81.55 54.55 88.84 99.14 96.82 30 0.186 0 0.000 10 0.043 0.229"
"2026-09-10T20:56:37.8872266+08:00","leadnews-gateway-1.0.0-SNAPSHOT","39100","376.73","471.46","176","- 68.28 13.04 74.84 99.06 96.51 141 0.584 0 0.000 8 0.033 0.617"
"2026-09-10T20:56:38.2302051+08:00","leadnews-schedule-service-1.0.0-SNAPSHOT","22092","64.39","401.84","102","- 71.42 56.25 78.97 99.05 96.97 22 0.139 0 0.000 6 0.015 0.154"
"2026-09-10T20:56:38.5774658+08:00","leadnews-search-service-1.0.0-SNAPSHOT","40252","71.38","422.94","122","- 68.76 56.25 77.09 98.95 96.35 26 0.143 0 0.000 8 0.022 0.166"
"2026-09-10T20:56:38.9398170+08:00","leadnews-user-service-1.0.0-SNAPSHOT","35244","68.08","347.57","97","- 65.75 46.67 83.34 98.90 96.18 18 0.154 0 0.000 6 0.013 0.167"
"2026-09-10T20:56:39.3069932+08:00","leadnews-wemedia-service-1.0.0-SNAPSHOT","27660","126.39","480.89","134","- 77.27 53.33 80.49 98.98 96.24 38 0.340 0 0.000 14 0.055 0.395"
"2026-09-10T20:56:44.6678413+08:00","leadnews-admin-service-1.0.0-SNAPSHOT","14440","71.06","386.68","99","- 64.32 6.67 88.40 98.89 96.16 27 0.308 0 0.000 8 0.025 0.333"
"2026-09-10T20:56:45.0492945+08:00","leadnews-ai-service-1.0.0-SNAPSHOT","3132","52.97","383.94","117","- 91.35 11.76 74.54 98.82 96.10 20 0.128 0 0.000 6 0.009 0.136"
"2026-09-10T20:56:45.4163532+08:00","leadnews-article-service-1.0.0-SNAPSHOT","35016","110.97","529.7","141","- 83.13 89.47 86.21 99.10 96.63 42 0.259 0 0.000 12 0.071 0.330"
"2026-09-10T20:56:45.7804257+08:00","leadnews-behavior-service-1.0.0-SNAPSHOT","9908","97.48","529.45","139","- 81.55 59.09 88.84 99.14 96.82 30 0.186 0 0.000 10 0.043 0.229"
"2026-09-10T20:56:46.1325131+08:00","leadnews-gateway-1.0.0-SNAPSHOT","39100","376.92","471.62","178","- 68.28 13.04 74.84 99.06 96.51 141 0.584 0 0.000 8 0.033 0.617"
"2026-09-10T20:56:46.4786183+08:00","leadnews-schedule-service-1.0.0-SNAPSHOT","22092","64.44","401.91","102","- 71.42 56.25 78.97 99.05 96.97 22 0.139 0 0.000 6 0.015 0.154"
"2026-09-10T20:56:46.8656955+08:00","leadnews-search-service-1.0.0-SNAPSHOT","40252","71.53","425.18","122","- 68.76 56.25 77.09 98.95 96.35 26 0.143 0 0.000 8 0.022 0.166"
"2026-09-10T20:56:47.2269537+08:00","leadnews-user-service-1.0.0-SNAPSHOT","35244","68.23","348.27","97","- 65.75 46.67 83.34 98.90 96.18 18 0.154 0 0.000 6 0.013 0.167"
"2026-09-10T20:56:47.6034595+08:00","leadnews-wemedia-service-1.0.0-SNAPSHOT","27660","126.5","480.9","134","- 77.27 53.33 80.49 98.98 96.24 38 0.340 0 0.000 14 0.055 0.395"
"2026-09-10T20:56:53.0212591+08:00","leadnews-admin-service-1.0.0-SNAPSHOT","14440","71.08","386.69","99","- 64.32 13.33 88.40 98.89 96.16 27 0.308 0 0.000 8 0.025 0.333"
"2026-09-10T20:56:53.3953211+08:00","leadnews-ai-service-1.0.0-SNAPSHOT","3132","53.02","383.94","117","- 91.35 11.76 74.54 98.82 96.10 20 0.128 0 0.000 6 0.009 0.136"
"2026-09-10T20:56:53.7682659+08:00","leadnews-article-service-1.0.0-SNAPSHOT","35016","111.88","534.14","141","- 82.56 5.26 86.21 99.13 96.64 43 0.269 0 0.000 14 0.089 0.358"
"2026-09-10T20:56:54.1534820+08:00","leadnews-behavior-service-1.0.0-SNAPSHOT","9908","98.25","535.14","142","- 81.55 63.64 88.84 99.14 96.82 30 0.186 0 0.000 10 0.043 0.229"
"2026-09-10T20:56:54.5287244+08:00","leadnews-gateway-1.0.0-SNAPSHOT","39100","377.05","471.62","178","- 68.28 17.39 74.84 99.06 96.51 141 0.584 0 0.000 8 0.033 0.617"
"2026-09-10T20:56:54.9009803+08:00","leadnews-schedule-service-1.0.0-SNAPSHOT","22092","64.5","401.93","102","- 71.42 56.25 78.97 99.05 96.97 22 0.139 0 0.000 6 0.015 0.154"
"2026-09-10T20:56:55.2630228+08:00","leadnews-search-service-1.0.0-SNAPSHOT","40252","71.61","425.25","122","- 68.76 56.25 77.09 98.95 96.35 26 0.143 0 0.000 8 0.022 0.166"
"2026-09-10T20:56:55.5999565+08:00","leadnews-user-service-1.0.0-SNAPSHOT","35244","68.28","348.27","97","- 65.75 46.67 83.34 98.90 96.18 18 0.154 0 0.000 6 0.013 0.167"
"2026-09-10T20:56:55.9908236+08:00","leadnews-wemedia-service-1.0.0-SNAPSHOT","27660","126.56","480.89","134","- 77.27 53.33 80.49 98.98 96.24 38 0.340 0 0.000 14 0.055 0.395"
"2026-09-10T20:57:01.3703254+08:00","leadnews-admin-service-1.0.0-SNAPSHOT","14440","71.14","386.68","99","- 64.32 13.33 88.40 98.89 96.16 27 0.308 0 0.000 8 0.025 0.333"
"2026-09-10T20:57:01.7380763+08:00","leadnews-ai-service-1.0.0-SNAPSHOT","3132","53.06","383.95","117","- 91.35 11.76 74.54 98.82 96.10 20 0.128 0 0.000 6 0.009 0.136"
"2026-09-10T20:57:02.1388839+08:00","leadnews-article-service-1.0.0-SNAPSHOT","35016","113.19","550.94","141","- 82.56 15.79 86.21 99.13 96.64 43 0.269 0 0.000 14 0.089 0.358"
"2026-09-10T20:57:02.4917365+08:00","leadnews-behavior-service-1.0.0-SNAPSHOT","9908","98.78","536.45","141","- 81.55 68.18 88.84 99.14 96.82 30 0.186 0 0.000 10 0.043 0.229"
"2026-09-10T20:57:02.8658798+08:00","leadnews-gateway-1.0.0-SNAPSHOT","39100","377.16","471.62","178","- 68.28 21.74 74.84 99.06 96.51 141 0.584 0 0.000 8 0.033 0.617"
"2026-09-10T20:57:03.2130235+08:00","leadnews-schedule-service-1.0.0-SNAPSHOT","22092","64.58","401.93","102","- 71.42 56.25 78.97 99.05 96.97 22 0.139 0 0.000 6 0.015 0.154"
"2026-09-10T20:57:03.5541586+08:00","leadnews-search-service-1.0.0-SNAPSHOT","40252","71.72","425.16","120","- 68.76 56.25 77.09 98.95 96.35 26 0.143 0 0.000 8 0.022 0.166"
"2026-09-10T20:57:03.8953465+08:00","leadnews-user-service-1.0.0-SNAPSHOT","35244","68.33","348.28","97","- 65.75 46.67 83.34 98.90 96.18 18 0.154 0 0.000 6 0.013 0.167"
"2026-09-10T20:57:04.2478755+08:00","leadnews-wemedia-service-1.0.0-SNAPSHOT","27660","126.86","480.71","130","- 77.27 60.00 80.49 98.98 96.24 38 0.340 0 0.000 14 0.055 0.395"
"2026-09-10T20:57:09.6247261+08:00","leadnews-admin-service-1.0.0-SNAPSHOT","14440","71.14","386.6","97","- 64.32 13.33 88.40 98.89 96.16 27 0.308 0 0.000 8 0.025 0.333"
"2026-09-10T20:57:09.9775614+08:00","leadnews-ai-service-1.0.0-SNAPSHOT","3132","53.14","383.97","117","- 91.35 17.65 74.54 98.82 96.10 20 0.128 0 0.000 6 0.009 0.136"
"2026-09-10T20:57:10.3112954+08:00","leadnews-article-service-1.0.0-SNAPSHOT","35016","114.03","552.5","141","- 82.56 26.32 86.21 99.13 96.64 43 0.269 0 0.000 14 0.089 0.358"
"2026-09-10T20:57:10.6872235+08:00","leadnews-behavior-service-1.0.0-SNAPSHOT","9908","99.25","537.13","141","- 81.55 72.73 88.84 99.14 96.82 30 0.186 0 0.000 10 0.043 0.229"
"2026-09-10T20:57:11.0241825+08:00","leadnews-gateway-1.0.0-SNAPSHOT","39100","377.28","471.61","178","- 68.28 26.09 74.84 99.06 96.51 141 0.584 0 0.000 8 0.033 0.617"
"2026-09-10T20:57:11.3801100+08:00","leadnews-schedule-service-1.0.0-SNAPSHOT","22092","64.69","408.73","102","- 71.42 56.25 78.97 99.05 96.97 22 0.139 0 0.000 6 0.015 0.154"
"2026-09-10T20:57:11.7318456+08:00","leadnews-search-service-1.0.0-SNAPSHOT","40252","71.84","425.25","122","- 68.76 62.50 77.09 98.95 96.35 26 0.143 0 0.000 8 0.022 0.166"
"2026-09-10T20:57:12.0923479+08:00","leadnews-user-service-1.0.0-SNAPSHOT","35244","68.39","349.49","95","- 65.75 46.67 83.34 98.90 96.18 18 0.154 0 0.000 6 0.013 0.167"
"2026-09-10T20:57:12.4493689+08:00","leadnews-wemedia-service-1.0.0-SNAPSHOT","27660","126.97","480.89","134","- 77.27 60.00 80.49 98.98 96.24 38 0.340 0 0.000 14 0.055 0.395"
